model,threshold,accuracy,balanced_accuracy,precision,recall,f1,roc_auc,average_precision,brier,log_loss
logistic_regression_no_indfmpir,0.5,0.7208900190114959,0.7210267570018234,0.7067452088363746,0.7255838457394788,0.7160406401688205,0.7795579030315661,0.7230211111385629,0.19056662478385658,0.5638106566531422
