model,roc_auc,average_precision,recall,precision,f1,brier,log_loss
baseline_prior,0.5,0.49796773957562684,1.0,0.4979677395756277,0.6648577621794463,0.25042110288267844,0.6939899340579152
logistic_regression,0.7636134570681099,0.744640395860285,0.7373968291923428,0.6984767770587241,0.7174093296586875,0.19946593231684373,0.5868143444552366
random_forest,0.7705283977232267,0.7249962181136541,0.7801970954485452,0.6930027257789232,0.7340195213167318,0.19639495113433758,0.5814632122829282
