model,threshold,accuracy,balanced_accuracy,precision,recall,f1,roc_auc,average_precision,brier,log_loss
logistic_regression_simple_no_lab,0.5,0.7186537771486802,0.7180434199257053,0.7109357160710752,0.7531520147982923,0.7314352216216633,0.7882360240087158,0.7579260099109438,0.18700901390554928,0.5565568768603831
