model,threshold,accuracy,balanced_accuracy,precision,recall,f1,roc_auc,average_precision,brier,log_loss
logistic_regression,0.5,0.7303552959721512,0.7303333931976501,0.7379587414757682,0.7133021067760807,0.7254209684531395,0.8029281989930177,0.7757276817078314,0.1811600308434652,0.5415460053273288
random_forest,0.5,0.7202663490258087,0.720280574910607,0.7149887946963444,0.7313424209152725,0.7230731528108454,0.7889985719946543,0.7724358045844524,0.18656771221440757,0.553696950581015
baseline_prior,0.5,0.4993569841420399,0.5,0.49935698414203994,1.0,0.6660948518911676,0.5,0.4993569841420401,0.2502017419162999,0.6935508088846222
